
#
#-----[ Add SQL Entries ]--------------------------------------------------------
#
ALTER TABLE phpbb_auth_access ADD auth_global_announce TINYINT(1) NOT NULL AFTER auth_announce;
ALTER TABLE phpbb_auth_access ADD auth_download TINYINT(1) DEFAULT '0' NOT NULL;
ALTER TABLE phpbb_auth_access ADD auth_bump TINYINT(1) DEFAULT '0' NOT NULL;

ALTER TABLE phpbb_forums ADD points_disabled TINYINT(1) NOT NULL;
ALTER TABLE phpbb_forums ADD auth_global_announce TINYINT(2) DEFAULT '5' NOT NULL;
ALTER TABLE phpbb_forums ADD forum_parent int(11) DEFAULT '0' NOT NULL;
ALTER TABLE phpbb_forums ADD title_is_link TINYINT(1) DEFAULT '0' NOT NULL;
ALTER TABLE phpbb_forums ADD weblink varchar(200) NOT NULL;
ALTER TABLE phpbb_forums ADD forum_link_count MEDIUMINT(8) unsigned NOT NULL;
ALTER TABLE phpbb_forums ADD forum_link_target TINYINT(1) DEFAULT 0 NOT NULL;
ALTER TABLE phpbb_forums ADD forum_icon varchar(255) DEFAULT NULL;
ALTER TABLE phpbb_forums ADD forum_qpes TINYINT(1) DEFAULT '1' NOT NULL;
ALTER TABLE phpbb_forums ADD auth_download TINYINT(2) DEFAULT '0' NOT NULL;
ALTER TABLE phpbb_forums ADD forum_color VARCHAR(6) DEFAULT '' NOT NULL;
ALTER TABLE phpbb_forums ADD forum_password VARCHAR(20) DEFAULT '' NOT NULL;
ALTER TABLE phpbb_forums ADD disable_word_censor TINYINT(1) DEFAULT '0' NOT NULL;
ALTER TABLE phpbb_forums ADD forum_display_sort TINYINT(1) NOT NULL;
ALTER TABLE phpbb_forums ADD forum_display_order TINYINT(1) NOT NULL;
ALTER TABLE phpbb_forums ADD forum_as_category MEDIUMINT(8) DEFAULT '0' NOT NULL;
ALTER TABLE phpbb_forums ADD auth_bump TINYINT(2) DEFAULT '0' NOT NULL;
ALTER TABLE phpbb_forums ADD forum_template MEDIUMINT(8) DEFAULT '0' NOT NULL;

ALTER TABLE phpbb_groups ADD group_color mediumint(8) DEFAULT '0' NOT NULL;

ALTER TABLE phpbb_posts ADD post_icon TINYINT(2);
ALTER TABLE phpbb_posts ADD post_attachment TINYINT(1) DEFAULT '0' NOT NULL;
ALTER TABLE phpbb_posts ADD INDEX (post_icon);

ALTER TABLE phpbb_posts_text ADD post_sub_title VARCHAR(255) DEFAULT NULL;

ALTER TABLE phpbb_privmsgs ADD privmsgs_attachment TINYINT(1) DEFAULT '0' NOT NULL;

ALTER TABLE phpbb_sessions ADD is_robot VARCHAR(255) DEFAULT '0' NOT NULL;
ALTER TABLE phpbb_sessions ADD session_cf_iso3661_1 CHAR(2) DEFAULT 'wo' NOT NULL;

ALTER TABLE phpbb_topics ADD topic_sub_title VARCHAR(255) DEFAULT NULL;
ALTER TABLE phpbb_topics ADD topic_icon TINYINT(2) DEFAULT NULL;
ALTER TABLE phpbb_topics ADD topic_attribute VARCHAR(255);
ALTER TABLE phpbb_topics ADD topic_attribute_color VARCHAR(6) DEFAULT '' NOT NULL;
ALTER TABLE phpbb_topics ADD topic_attribute_position TINYINT(1) DEFAULT '0' NOT NULL;
ALTER TABLE phpbb_topics ADD topic_attribute_username VARCHAR(25) DEFAULT '' NOT NULL;
ALTER TABLE phpbb_topics ADD topic_attribute_date VARCHAR(25) DEFAULT '0' NOT NULL;
ALTER TABLE phpbb_topics ADD topic_attachment TINYINT(1) DEFAULT '0' NOT NULL;
ALTER TABLE phpbb_topics ADD topic_last_post_time INTEGER(11) UNSIGNED NOT NULL DEFAULT '0';
ALTER TABLE phpbb_topics ADD topic_bumped TINYINT(1) UNSIGNED NOT NULL DEFAULT '0';
ALTER TABLE phpbb_topics ADD topic_bumper MEDIUMINT(8) NOT NULL DEFAULT '0';

ALTER TABLE phpbb_user_group ADD group_moderator TINYINT(1) NOT NULL;

ALTER TABLE phpbb_users ADD user_postspp VARCHAR(4) AFTER user_allowsmile;
ALTER TABLE phpbb_users ADD user_topicspp VARCHAR(4) AFTER user_postspp;
ALTER TABLE phpbb_users ADD user_notify_donation tinyint(1) NOT NULL;
ALTER TABLE phpbb_users ADD user_skype VARCHAR(255) AFTER user_msnm;
ALTER TABLE phpbb_users ADD user_unread_topics TEXT;
ALTER TABLE phpbb_users ADD user_color mediumint(8) DEFAULT '0' NOT NULL;
ALTER TABLE phpbb_users ADD user_group_id mediumint(8) DEFAULT '0' NOT NULL;
ALTER TABLE phpbb_users ADD user_admin_notes TEXT NOT NULL;
ALTER TABLE phpbb_users ADD user_qp_settings varchar(25) DEFAULT '0' NOT NULL; 
ALTER TABLE phpbb_users ADD user_cf_iso3661_1 char(2) DEFAULT 'WO' NOT NULL;
ALTER TABLE phpbb_users ADD user_lastlogin INT(11) DEFAULT '0' NOT NULL;
ALTER TABLE phpbb_users ADD user_birthday VARCHAR(10) DEFAULT '' NOT NULL;
ALTER TABLE phpbb_users ADD user_inactive_emls TINYINT(1) NOT NULL;
ALTER TABLE phpbb_users ADD user_inactive_last_eml INT(11) NOT NULL;
ALTER TABLE phpbb_users ADD user_namechange TINYINT(1) DEFAULT '0';
ALTER TABLE phpbb_users ADD user_points INT(11) NOT NULL;
ALTER TABLE phpbb_users ADD admin_allow_points TINYINT(1) DEFAULT '1' NOT NULL;
ALTER TABLE phpbb_users ADD user_cell_time INT(11) DEFAULT '0' NOT NULL;
ALTER TABLE phpbb_users ADD user_cell_time_judgement INT(11) DEFAULT '0' NOT NULL;
ALTER TABLE phpbb_users ADD user_cell_caution INT(8) DEFAULT '0' NOT NULL;
ALTER TABLE phpbb_users ADD user_cell_sentence text;
ALTER TABLE phpbb_users ADD user_cell_enable_caution INT(8) DEFAULT '0' NOT NULL;
ALTER TABLE phpbb_users ADD user_cell_enable_free INT(8) DEFAULT '0' NOT NULL;
ALTER TABLE phpbb_users ADD user_cell_celleds INT(8) DEFAULT '0' NOT NULL;
ALTER TABLE phpbb_users ADD user_cell_punishment TINYINT(1) DEFAULT '0' NOT NULL;
ALTER TABLE phpbb_users ADD user_gender TINYINT(4) DEFAULT '0' NOT NULL;
ALTER TABLE phpbb_users ADD user_warn INT(2) NOT NULL DEFAULT '0';
ALTER TABLE phpbb_users ADD user_iprange VARCHAR(255) DEFAULT NULL;
ALTER TABLE phpbb_users ADD user_restrictip TINYINT(1) DEFAULT '0' NOT NULL;
ALTER TABLE phpbb_users ADD user_mailchange TINYINT(1) DEFAULT '0';
ALTER TABLE phpbb_users ADD user_passwordchange TINYINT(1) DEFAULT '0';
ALTER TABLE phpbb_users ADD user_topics MEDIUMINT(8) DEFAULT '0' NOT NULL;
ALTER TABLE phpbb_users ADD user_boulet VARCHAR(255) DEFAULT '0' NOT NULL;
ALTER TABLE phpbb_users ADD user_regip char(8) DEFAULT '0' NOT NULL;
ALTER TABLE phpbb_users ADD user_whoisonline_type TINYINT(1) DEFAULT '1' NOT NULL;
ALTER TABLE phpbb_users ADD user_account_delete TINYINT(1) DEFAULT '0';

ALTER TABLE phpbb_vote_voters ADD vote_cast TINYINT(4) unsigned default '0' NOT NULL;

#
#-----[ Add SQL Entries ]-------------------------------------------------------
#
INSERT INTO phpbb_attachments_config (config_name, config_value) VALUES ('allow_ftp_upload', '0');
INSERT INTO phpbb_attachments_config (config_name, config_value) VALUES ('allow_pm_attach', '1');
INSERT INTO phpbb_attachments_config (config_name, config_value) VALUES ('attachment_quota', '52428800');
INSERT INTO phpbb_attachments_config (config_name, config_value) VALUES ('attachment_topic_review', '0');
INSERT INTO phpbb_attachments_config (config_name, config_value) VALUES ('attach_version', '2.4.5');
INSERT INTO phpbb_attachments_config (config_name, config_value) VALUES ('default_pm_quota', '0');
INSERT INTO phpbb_attachments_config (config_name, config_value) VALUES ('default_upload_quota', '0');
INSERT INTO phpbb_attachments_config (config_name, config_value) VALUES ('disable_mod', '0');
INSERT INTO phpbb_attachments_config (config_name, config_value) VALUES ('display_order', '0');
INSERT INTO phpbb_attachments_config (config_name, config_value) VALUES ('download_path', '');
INSERT INTO phpbb_attachments_config (config_name, config_value) VALUES ('flash_autoplay', '0');
INSERT INTO phpbb_attachments_config (config_name, config_value) VALUES ('ftp_pass', '');
INSERT INTO phpbb_attachments_config (config_name, config_value) VALUES ('ftp_pasv_mode', '1');
INSERT INTO phpbb_attachments_config (config_name, config_value) VALUES ('ftp_path', '');
INSERT INTO phpbb_attachments_config (config_name, config_value) VALUES ('ftp_server', '');
INSERT INTO phpbb_attachments_config (config_name, config_value) VALUES ('ftp_user', '');
INSERT INTO phpbb_attachments_config (config_name, config_value) VALUES ('img_create_thumbnail', '0');
INSERT INTO phpbb_attachments_config (config_name, config_value) VALUES ('img_display_inlined', '1');
INSERT INTO phpbb_attachments_config (config_name, config_value) VALUES ('img_imagick', '');
INSERT INTO phpbb_attachments_config (config_name, config_value) VALUES ('img_link_height', '0');
INSERT INTO phpbb_attachments_config (config_name, config_value) VALUES ('img_link_width', '0');
INSERT INTO phpbb_attachments_config (config_name, config_value) VALUES ('img_max_height', '0');
INSERT INTO phpbb_attachments_config (config_name, config_value) VALUES ('img_max_width', '0');
INSERT INTO phpbb_attachments_config (config_name, config_value) VALUES ('img_min_thumb_filesize', '12000');
INSERT INTO phpbb_attachments_config (config_name, config_value) VALUES ('max_attachments', '3');
INSERT INTO phpbb_attachments_config (config_name, config_value) VALUES ('max_attachments_pm', '1');
INSERT INTO phpbb_attachments_config (config_name, config_value) VALUES ('max_filesize', '262144');
INSERT INTO phpbb_attachments_config (config_name, config_value) VALUES ('max_filesize_pm', '262144');
INSERT INTO phpbb_attachments_config (config_name, config_value) VALUES ('show_apcp', '0');
INSERT INTO phpbb_attachments_config (config_name, config_value) VALUES ('topic_icon', 'images/icon_clip.gif');
INSERT INTO phpbb_attachments_config (config_name, config_value) VALUES ('upload_dir', 'files');
INSERT INTO phpbb_attachments_config (config_name, config_value) VALUES ('upload_img', 'images/icon_clip.gif');
INSERT INTO phpbb_attachments_config (config_name, config_value) VALUES ('use_gd2', '0');
INSERT INTO phpbb_attachments_config (config_name, config_value) VALUES ('wma_autoplay', '0');

INSERT INTO phpbb_bbc_box (bbc_id, bbc_name, bbc_value, bbc_auth, bbc_before, bbc_after, bbc_helpline, bbc_img, bbc_divider, bbc_order) VALUES (1, 'strike', '1', '0', 's', 's', 'strike', 'strike', '0', '10');
INSERT INTO phpbb_bbc_box (bbc_id, bbc_name, bbc_value, bbc_auth, bbc_before, bbc_after, bbc_helpline, bbc_img, bbc_divider, bbc_order) VALUES (2, 'spoiler', '1', '0', 'spoil', 'spoil', 'spoiler', 'spoiler', '0', '20');
INSERT INTO phpbb_bbc_box (bbc_id, bbc_name, bbc_value, bbc_auth, bbc_before, bbc_after, bbc_helpline, bbc_img, bbc_divider, bbc_order) VALUES (3, 'fade', '1', '0', 'fade', 'fade', 'fade', 'fade', '0', '30');
INSERT INTO phpbb_bbc_box (bbc_id, bbc_name, bbc_value, bbc_auth, bbc_before, bbc_after, bbc_helpline, bbc_img, bbc_divider, bbc_order) VALUES (4, 'rainbow', '1', '0', 'rainbow', 'rainbow', 'rainbow', 'rainbow', '1', '40');
INSERT INTO phpbb_bbc_box (bbc_id, bbc_name, bbc_value, bbc_auth, bbc_before, bbc_after, bbc_helpline, bbc_img, bbc_divider, bbc_order) VALUES (5, 'justify', '1', '0', 'align=justify', 'align', 'justify', 'justify', '0', '50');
INSERT INTO phpbb_bbc_box (bbc_id, bbc_name, bbc_value, bbc_auth, bbc_before, bbc_after, bbc_helpline, bbc_img, bbc_divider, bbc_order) VALUES (6, 'right', '1', '0', 'align=right', 'align', 'right', 'right', '0', '60');
INSERT INTO phpbb_bbc_box (bbc_id, bbc_name, bbc_value, bbc_auth, bbc_before, bbc_after, bbc_helpline, bbc_img, bbc_divider, bbc_order) VALUES (7, 'center', '1', '0', 'align=center', 'align', 'center', 'center', '0', '70');
INSERT INTO phpbb_bbc_box (bbc_id, bbc_name, bbc_value, bbc_auth, bbc_before, bbc_after, bbc_helpline, bbc_img, bbc_divider, bbc_order) VALUES (8, 'left', '1', '0', 'align=left', 'align', 'left', 'left', '1', '80');
INSERT INTO phpbb_bbc_box (bbc_id, bbc_name, bbc_value, bbc_auth, bbc_before, bbc_after, bbc_helpline, bbc_img, bbc_divider, bbc_order) VALUES (9, 'link', '1', '0', 'link=', 'link', 'link', 'alink', '0', '90');
INSERT INTO phpbb_bbc_box (bbc_id, bbc_name, bbc_value, bbc_auth, bbc_before, bbc_after, bbc_helpline, bbc_img, bbc_divider, bbc_order) VALUES (10, 'target', '1', '0', 'target=', 'target', 'target', 'atarget', '1', '100');
INSERT INTO phpbb_bbc_box (bbc_id, bbc_name, bbc_value, bbc_auth, bbc_before, bbc_after, bbc_helpline, bbc_img, bbc_divider, bbc_order) VALUES (11, 'marqd', '1', '0', 'marq=down', 'marq', 'marqd', 'marqd', '0', '110');
INSERT INTO phpbb_bbc_box (bbc_id, bbc_name, bbc_value, bbc_auth, bbc_before, bbc_after, bbc_helpline, bbc_img, bbc_divider, bbc_order) VALUES (12, 'marqu', '1', '0', 'marq=up', 'marq', 'marqu', 'marqu', '0', '120');
INSERT INTO phpbb_bbc_box (bbc_id, bbc_name, bbc_value, bbc_auth, bbc_before, bbc_after, bbc_helpline, bbc_img, bbc_divider, bbc_order) VALUES (13, 'marql', '1', '0', 'marq=left', 'marq', 'marql', 'marql', '0', '130');
INSERT INTO phpbb_bbc_box (bbc_id, bbc_name, bbc_value, bbc_auth, bbc_before, bbc_after, bbc_helpline, bbc_img, bbc_divider, bbc_order) VALUES (14, 'marqr', '1', '0', 'marq=right', 'marq', 'marqr', 'marqr', '1', '140');
INSERT INTO phpbb_bbc_box (bbc_id, bbc_name, bbc_value, bbc_auth, bbc_before, bbc_after, bbc_helpline, bbc_img, bbc_divider, bbc_order) VALUES (15, 'email', '1', '0', 'email', 'email', 'email', 'email', '0', '150');
INSERT INTO phpbb_bbc_box (bbc_id, bbc_name, bbc_value, bbc_auth, bbc_before, bbc_after, bbc_helpline, bbc_img, bbc_divider, bbc_order) VALUES (16, 'flash', '1', '0', 'flash width=250 height=250', 'flash', 'flash', 'flash', '0', '160');
INSERT INTO phpbb_bbc_box (bbc_id, bbc_name, bbc_value, bbc_auth, bbc_before, bbc_after, bbc_helpline, bbc_img, bbc_divider, bbc_order) VALUES (17, 'video', '1', '0', 'video width=400 height=350', 'video', 'video', 'video', '0', '170');
INSERT INTO phpbb_bbc_box (bbc_id, bbc_name, bbc_value, bbc_auth, bbc_before, bbc_after, bbc_helpline, bbc_img, bbc_divider, bbc_order) VALUES (18, 'stream', '1', '0', 'stream', 'stream', 'stream', 'stream', '0', '180');
INSERT INTO phpbb_bbc_box (bbc_id, bbc_name, bbc_value, bbc_auth, bbc_before, bbc_after, bbc_helpline, bbc_img, bbc_divider, bbc_order) VALUES (19, 'real', '1', '0', 'ram width=220 height=140', 'ram', 'real', 'real', '0', '190');
INSERT INTO phpbb_bbc_box (bbc_id, bbc_name, bbc_value, bbc_auth, bbc_before, bbc_after, bbc_helpline, bbc_img, bbc_divider, bbc_order) VALUES (20, 'quick', '1', '0', 'quick width=480 height=224', 'quick', 'quick', 'quick', '1', '200');
INSERT INTO phpbb_bbc_box (bbc_id, bbc_name, bbc_value, bbc_auth, bbc_before, bbc_after, bbc_helpline, bbc_img, bbc_divider, bbc_order) VALUES (21, 'sup', '1', '0', 'sup', 'sup', 'sup', 'sup', '0', '210');
INSERT INTO phpbb_bbc_box (bbc_id, bbc_name, bbc_value, bbc_auth, bbc_before, bbc_after, bbc_helpline, bbc_img, bbc_divider, bbc_order) VALUES (22, 'sub', '1', '0', 'sub', 'sub', 'sub', 'sub', '1', '220');
INSERT INTO phpbb_bbc_box (bbc_id, bbc_name, bbc_value, bbc_auth, bbc_before, bbc_after, bbc_helpline, bbc_img, bbc_divider, bbc_order) VALUES (23, 'tmb', '1', '0', 'tmb', 'tmb', 'tmb', 'tmb', '0', '230');
INSERT INTO phpbb_bbc_box (bbc_id, bbc_name, bbc_value, bbc_auth, bbc_before, bbc_after, bbc_helpline, bbc_img, bbc_divider, bbc_order) VALUES (24, 'php', '1', '0', 'php', 'php', 'php', 'php', '0', '240');
INSERT INTO phpbb_bbc_box (bbc_id, bbc_name, bbc_value, bbc_auth, bbc_before, bbc_after, bbc_helpline, bbc_img, bbc_divider, bbc_order) VALUES (25, 'youtube', '1', '0', 'youtube', 'youtube', 'youtube', 'youtube', '0', '250');

INSERT INTO phpbb_bots (bot_id, bot_name, bot_agent, last_visit, bot_visits, bot_pages, pending_agent, pending_ip, bot_ip, bot_style) VALUES (1, 'GoogleBot', 'Google', '', '0', '0', '', '', '66.249', '1');
INSERT INTO phpbb_bots (bot_id, bot_name, bot_agent, last_visit, bot_visits, bot_pages, pending_agent, pending_ip, bot_ip, bot_style) VALUES (2, 'MSNBot', 'msnbot/', '', '0', '0', '', '', '207.68.146|64.4.8|65.54.188', '1');
INSERT INTO phpbb_bots (bot_id, bot_name, bot_agent, last_visit, bot_visits, bot_pages, pending_agent, pending_ip, bot_ip, bot_style) VALUES (3, 'Ask Jeeves', 'teoma', '', '0', '0', '', '', '65.214.36|65.214.37|65.214.38|65.214.39', '1');
INSERT INTO phpbb_bots (bot_id, bot_name, bot_agent, last_visit, bot_visits, bot_pages, pending_agent, pending_ip, bot_ip, bot_style) VALUES (4, 'Yahoo! Slurp', 'Yahoo', '', '0', '0', '', '', '66.196|68.142|202.160', '1');

INSERT INTO phpbb_extension_groups (group_id, group_name, cat_id, allow_group, download_mode, upload_icon, max_filesize, forum_permissions) VALUES (1, 'Archive ZIP', 0, 1, 1, 'images/app_icons/zip.gif', 262144, '');
INSERT INTO phpbb_extension_groups (group_id, group_name, cat_id, allow_group, download_mode, upload_icon, max_filesize, forum_permissions) VALUES (2, 'Archive RAR', 0, 1, 1, 'images/app_icons/rar.gif', 262144, '');
INSERT INTO phpbb_extension_groups (group_id, group_name, cat_id, allow_group, download_mode, upload_icon, max_filesize, forum_permissions) VALUES (3, 'Archive 7Z', 0, 1, 1, 'images/app_icons/7z.gif', 262144, '');
INSERT INTO phpbb_extension_groups (group_id, group_name, cat_id, allow_group, download_mode, upload_icon, max_filesize, forum_permissions) VALUES (4, 'Archive ACE', 0, 1, 1, 'images/app_icons/ace.gif', 262144, '');
INSERT INTO phpbb_extension_groups (group_id, group_name, cat_id, allow_group, download_mode, upload_icon, max_filesize, forum_permissions) VALUES (5, 'Archive CAB', 0, 1, 1, 'images/app_icons/cab.gif', 262144, '');
INSERT INTO phpbb_extension_groups (group_id, group_name, cat_id, allow_group, download_mode, upload_icon, max_filesize, forum_permissions) VALUES (6, 'Archive GZ', 0, 1, 1, 'images/app_icons/gz.gif', 262144, '');
INSERT INTO phpbb_extension_groups (group_id, group_name, cat_id, allow_group, download_mode, upload_icon, max_filesize, forum_permissions) VALUES (7, 'Archive TAR', 0, 1, 1, 'images/app_icons/tar.gif', 262144, '');
INSERT INTO phpbb_extension_groups (group_id, group_name, cat_id, allow_group, download_mode, upload_icon, max_filesize, forum_permissions) VALUES (8, 'Image GIF', 0, 0, 1, 'images/app_icons/gif.gif', 262144, '');
INSERT INTO phpbb_extension_groups (group_id, group_name, cat_id, allow_group, download_mode, upload_icon, max_filesize, forum_permissions) VALUES (9, 'Image JPEG', 0, 0, 1, 'images/app_icons/jpg.gif', 262144, '');
INSERT INTO phpbb_extension_groups (group_id, group_name, cat_id, allow_group, download_mode, upload_icon, max_filesize, forum_permissions) VALUES (10, 'Image PNG', 0, 0, 1, 'images/app_icons/png.gif', 262144, '');
INSERT INTO phpbb_extension_groups (group_id, group_name, cat_id, allow_group, download_mode, upload_icon, max_filesize, forum_permissions) VALUES (11, 'Image PSD', 0, 0, 1, 'images/app_icons/psd.gif', 262144, '');
INSERT INTO phpbb_extension_groups (group_id, group_name, cat_id, allow_group, download_mode, upload_icon, max_filesize, forum_permissions) VALUES (12, 'Image PSP', 0, 0, 1, 'images/app_icons/psp.gif', 262144, '');
INSERT INTO phpbb_extension_groups (group_id, group_name, cat_id, allow_group, download_mode, upload_icon, max_filesize, forum_permissions) VALUES (13, 'Image TIFF', 0, 0, 1, 'images/app_icons/tiff.gif', 262144, '');
INSERT INTO phpbb_extension_groups (group_id, group_name, cat_id, allow_group, download_mode, upload_icon, max_filesize, forum_permissions) VALUES (14, 'Vidéo AVI', 0, 0, 1, 'images/app_icons/avi.gif', 262144, '');
INSERT INTO phpbb_extension_groups (group_id, group_name, cat_id, allow_group, download_mode, upload_icon, max_filesize, forum_permissions) VALUES (15, 'Image BMP', 0, 0, 1, 'images/app_icons/bmp.gif', 262144, '');
INSERT INTO phpbb_extension_groups (group_id, group_name, cat_id, allow_group, download_mode, upload_icon, max_filesize, forum_permissions) VALUES (16, 'Vidéo DivX', 0, 0, 1, 'images/app_icons/divx.gif', 262144, '');
INSERT INTO phpbb_extension_groups (group_id, group_name, cat_id, allow_group, download_mode, upload_icon, max_filesize, forum_permissions) VALUES (17, 'Vidéo Quicktime', 0, 0, 1, 'images/app_icons/mov.gif', 262144, '');
INSERT INTO phpbb_extension_groups (group_id, group_name, cat_id, allow_group, download_mode, upload_icon, max_filesize, forum_permissions) VALUES (18, 'Vidéo MPEG-4', 0, 0, 1, 'images/app_icons/mp4.gif', 262144, '');
INSERT INTO phpbb_extension_groups (group_id, group_name, cat_id, allow_group, download_mode, upload_icon, max_filesize, forum_permissions) VALUES (19, 'Vidéo MPEG', 0, 0, 1, 'images/app_icons/mpg.gif', 262144, '');
INSERT INTO phpbb_extension_groups (group_id, group_name, cat_id, allow_group, download_mode, upload_icon, max_filesize, forum_permissions) VALUES (20, 'Vidéo OGM', 0, 0, 1, 'images/app_icons/ogm.gif', 262144, '');
INSERT INTO phpbb_extension_groups (group_id, group_name, cat_id, allow_group, download_mode, upload_icon, max_filesize, forum_permissions) VALUES (21, 'Vidéo WMV', 0, 0, 1, 'images/app_icons/wmv.gif', 262144, '');
INSERT INTO phpbb_extension_groups (group_id, group_name, cat_id, allow_group, download_mode, upload_icon, max_filesize, forum_permissions) VALUES (22, 'Vidéo XviD', 0, 0, 1, 'images/app_icons/xvid.gif', 262144, '');
INSERT INTO phpbb_extension_groups (group_id, group_name, cat_id, allow_group, download_mode, upload_icon, max_filesize, forum_permissions) VALUES (23, 'Fichier Son Midi', 0, 0, 1, 'images/app_icons/midi.gif', 262144, '');
INSERT INTO phpbb_extension_groups (group_id, group_name, cat_id, allow_group, download_mode, upload_icon, max_filesize, forum_permissions) VALUES (24, 'Fichier Son MP3', 0, 0, 1, 'images/app_icons/mp3.gif', 262144, '');
INSERT INTO phpbb_extension_groups (group_id, group_name, cat_id, allow_group, download_mode, upload_icon, max_filesize, forum_permissions) VALUES (25, 'Fichier Son OGG', 0, 0, 1, 'images/app_icons/ogg.gif', 262144, '');
INSERT INTO phpbb_extension_groups (group_id, group_name, cat_id, allow_group, download_mode, upload_icon, max_filesize, forum_permissions) VALUES (26, 'Fichier Son WAVE', 0, 0, 1, 'images/app_icons/wav.gif', 262144, '');
INSERT INTO phpbb_extension_groups (group_id, group_name, cat_id, allow_group, download_mode, upload_icon, max_filesize, forum_permissions) VALUES (27, 'Fichier Son WMA', 0, 0, 1, 'images/app_icons/wma.gif', 262144, '');
INSERT INTO phpbb_extension_groups (group_id, group_name, cat_id, allow_group, download_mode, upload_icon, max_filesize, forum_permissions) VALUES (28, 'Feuille de Style CSS', 0, 0, 1, 'images/app_icons/css.gif', 262144, '');
INSERT INTO phpbb_extension_groups (group_id, group_name, cat_id, allow_group, download_mode, upload_icon, max_filesize, forum_permissions) VALUES (29, 'Page Web HTM', 0, 0, 1, 'images/app_icons/htm.gif', 262144, '');
INSERT INTO phpbb_extension_groups (group_id, group_name, cat_id, allow_group, download_mode, upload_icon, max_filesize, forum_permissions) VALUES (30, 'Page Web HTML', 0, 0, 1, 'images/app_icons/html.gif', 262144, '');
INSERT INTO phpbb_extension_groups (group_id, group_name, cat_id, allow_group, download_mode, upload_icon, max_filesize, forum_permissions) VALUES (31, 'Image BIN', 0, 0, 1, 'images/app_icons/bin.gif', 262144, '');
INSERT INTO phpbb_extension_groups (group_id, group_name, cat_id, allow_group, download_mode, upload_icon, max_filesize, forum_permissions) VALUES (32, 'Image CloneCD', 0, 0, 1, 'images/app_icons/ccd.gif', 262144, '');
INSERT INTO phpbb_extension_groups (group_id, group_name, cat_id, allow_group, download_mode, upload_icon, max_filesize, forum_permissions) VALUES (33, 'Fichier CUE', 0, 0, 1, 'images/app_icons/cue.gif', 262144, '');
INSERT INTO phpbb_extension_groups (group_id, group_name, cat_id, allow_group, download_mode, upload_icon, max_filesize, forum_permissions) VALUES (34, 'Image ISO', 0, 0, 1, 'images/app_icons/iso.gif', 262144, '');
INSERT INTO phpbb_extension_groups (group_id, group_name, cat_id, allow_group, download_mode, upload_icon, max_filesize, forum_permissions) VALUES (35, 'Image MDS', 0, 0, 1, 'images/app_icons/mds.gif', 262144, '');
INSERT INTO phpbb_extension_groups (group_id, group_name, cat_id, allow_group, download_mode, upload_icon, max_filesize, forum_permissions) VALUES (36, 'Image NRG', 0, 0, 1, 'images/app_icons/nrg.gif', 262144, '');
INSERT INTO phpbb_extension_groups (group_id, group_name, cat_id, allow_group, download_mode, upload_icon, max_filesize, forum_permissions) VALUES (37, 'Document Word', 0, 0, 1, 'images/app_icons/doc.gif', 262144, '');
INSERT INTO phpbb_extension_groups (group_id, group_name, cat_id, allow_group, download_mode, upload_icon, max_filesize, forum_permissions) VALUES (38, 'Fichier Texte', 0, 0, 1, 'images/app_icons/txt.gif', 262144, '');
INSERT INTO phpbb_extension_groups (group_id, group_name, cat_id, allow_group, download_mode, upload_icon, max_filesize, forum_permissions) VALUES (39, 'Fichier Batch', 0, 0, 1, 'images/app_icons/bat.gif', 262144, '');
INSERT INTO phpbb_extension_groups (group_id, group_name, cat_id, allow_group, download_mode, upload_icon, max_filesize, forum_permissions) VALUES (40, 'Librairie DLL', 0, 0, 1, 'images/app_icons/dll.gif', 262144, '');
INSERT INTO phpbb_extension_groups (group_id, group_name, cat_id, allow_group, download_mode, upload_icon, max_filesize, forum_permissions) VALUES (41, 'Fichier INI', 0, 0, 1, 'images/app_icons/ini.gif', 262144, '');
INSERT INTO phpbb_extension_groups (group_id, group_name, cat_id, allow_group, download_mode, upload_icon, max_filesize, forum_permissions) VALUES (42, 'Fichier Système', 0, 0, 1, 'images/app_icons/sys.gif', 262144, '');
INSERT INTO phpbb_extension_groups (group_id, group_name, cat_id, allow_group, download_mode, upload_icon, max_filesize, forum_permissions) VALUES (43, 'Document PDF', 0, 0, 1, 'images/app_icons/blank.gif', 262144, '');
INSERT INTO phpbb_extension_groups (group_id, group_name, cat_id, allow_group, download_mode, upload_icon, max_filesize, forum_permissions) VALUES (44, 'Feuille Excel', 0, 0, 1, 'images/app_icons/blank.gif', 262144, '');
INSERT INTO phpbb_extension_groups (group_id, group_name, cat_id, allow_group, download_mode, upload_icon, max_filesize, forum_permissions) VALUES (45, 'Fichier DIZ', 0, 0, 1, 'images/app_icons/blank.gif', 262144, '');
INSERT INTO phpbb_extension_groups (group_id, group_name, cat_id, allow_group, download_mode, upload_icon, max_filesize, forum_permissions) VALUES (46, 'Fichier SWF', 0, 0, 1, 'images/app_icons/blank.gif', 262144, '');

INSERT INTO phpbb_extensions (ext_id, group_id, extension, comment) VALUES (1, 1, 'zip', '');
INSERT INTO phpbb_extensions (ext_id, group_id, extension, comment) VALUES (2, 2, 'rar', '');
INSERT INTO phpbb_extensions (ext_id, group_id, extension, comment) VALUES (3, 3, '7z', '');
INSERT INTO phpbb_extensions (ext_id, group_id, extension, comment) VALUES (4, 4, 'ace', '');
INSERT INTO phpbb_extensions (ext_id, group_id, extension, comment) VALUES (5, 5, 'cab', '');
INSERT INTO phpbb_extensions (ext_id, group_id, extension, comment) VALUES (6, 6, 'gz', '');
INSERT INTO phpbb_extensions (ext_id, group_id, extension, comment) VALUES (7, 7, 'tar', '');
INSERT INTO phpbb_extensions (ext_id, group_id, extension, comment) VALUES (8, 8, 'gif', '');
INSERT INTO phpbb_extensions (ext_id, group_id, extension, comment) VALUES (9, 9, 'jpeg', '');
INSERT INTO phpbb_extensions (ext_id, group_id, extension, comment) VALUES (10, 9, 'jpg', '');
INSERT INTO phpbb_extensions (ext_id, group_id, extension, comment) VALUES (11, 10, 'png', '');
INSERT INTO phpbb_extensions (ext_id, group_id, extension, comment) VALUES (12, 11, 'psd', '');
INSERT INTO phpbb_extensions (ext_id, group_id, extension, comment) VALUES (13, 12, 'psp', '');
INSERT INTO phpbb_extensions (ext_id, group_id, extension, comment) VALUES (14, 13, 'tif', '');
INSERT INTO phpbb_extensions (ext_id, group_id, extension, comment) VALUES (15, 13, 'tiff', '');
INSERT INTO phpbb_extensions (ext_id, group_id, extension, comment) VALUES (16, 14, 'avi', '');
INSERT INTO phpbb_extensions (ext_id, group_id, extension, comment) VALUES (17, 15, 'bmp', '');
INSERT INTO phpbb_extensions (ext_id, group_id, extension, comment) VALUES (18, 16, 'divx', '');
INSERT INTO phpbb_extensions (ext_id, group_id, extension, comment) VALUES (19, 17, 'mov', '');
INSERT INTO phpbb_extensions (ext_id, group_id, extension, comment) VALUES (20, 19, 'mpg', '');
INSERT INTO phpbb_extensions (ext_id, group_id, extension, comment) VALUES (21, 19, 'mpeg', '');
INSERT INTO phpbb_extensions (ext_id, group_id, extension, comment) VALUES (22, 20, 'ogm', '');
INSERT INTO phpbb_extensions (ext_id, group_id, extension, comment) VALUES (23, 21, 'wmv', '');
INSERT INTO phpbb_extensions (ext_id, group_id, extension, comment) VALUES (24, 22, 'xvid', '');
INSERT INTO phpbb_extensions (ext_id, group_id, extension, comment) VALUES (25, 23, 'mid', '');
INSERT INTO phpbb_extensions (ext_id, group_id, extension, comment) VALUES (26, 24, 'mp3', '');
INSERT INTO phpbb_extensions (ext_id, group_id, extension, comment) VALUES (27, 25, 'ogg', '');
INSERT INTO phpbb_extensions (ext_id, group_id, extension, comment) VALUES (28, 26, 'wav', '');
INSERT INTO phpbb_extensions (ext_id, group_id, extension, comment) VALUES (29, 27, 'wma', '');
INSERT INTO phpbb_extensions (ext_id, group_id, extension, comment) VALUES (30, 28, 'css', '');
INSERT INTO phpbb_extensions (ext_id, group_id, extension, comment) VALUES (31, 29, 'htm', '');
INSERT INTO phpbb_extensions (ext_id, group_id, extension, comment) VALUES (32, 30, 'html', '');
INSERT INTO phpbb_extensions (ext_id, group_id, extension, comment) VALUES (33, 31, 'bin', '');
INSERT INTO phpbb_extensions (ext_id, group_id, extension, comment) VALUES (34, 32, 'ccd', '');
INSERT INTO phpbb_extensions (ext_id, group_id, extension, comment) VALUES (35, 33, 'cue', '');
INSERT INTO phpbb_extensions (ext_id, group_id, extension, comment) VALUES (36, 34, 'iso', '');
INSERT INTO phpbb_extensions (ext_id, group_id, extension, comment) VALUES (37, 35, 'mds', '');
INSERT INTO phpbb_extensions (ext_id, group_id, extension, comment) VALUES (38, 36, 'nrg', '');
INSERT INTO phpbb_extensions (ext_id, group_id, extension, comment) VALUES (39, 37, 'doc', '');
INSERT INTO phpbb_extensions (ext_id, group_id, extension, comment) VALUES (40, 38, 'txt', '');
INSERT INTO phpbb_extensions (ext_id, group_id, extension, comment) VALUES (41, 39, 'bat', '');
INSERT INTO phpbb_extensions (ext_id, group_id, extension, comment) VALUES (42, 40, 'dll', '');
INSERT INTO phpbb_extensions (ext_id, group_id, extension, comment) VALUES (43, 41, 'ini', '');
INSERT INTO phpbb_extensions (ext_id, group_id, extension, comment) VALUES (44, 42, 'sys', '');
INSERT INTO phpbb_extensions (ext_id, group_id, extension, comment) VALUES (45, 43, 'pdf', '');
INSERT INTO phpbb_extensions (ext_id, group_id, extension, comment) VALUES (46, 44, 'xls', '');
INSERT INTO phpbb_extensions (ext_id, group_id, extension, comment) VALUES (47, 45, 'diz', '');
INSERT INTO phpbb_extensions (ext_id, group_id, extension, comment) VALUES (48, 46, 'swf', '');

INSERT INTO phpbb_forbidden_extensions (ext_id, extension) VALUES (1,'php');
INSERT INTO phpbb_forbidden_extensions (ext_id, extension) VALUES (2,'php3');
INSERT INTO phpbb_forbidden_extensions (ext_id, extension) VALUES (3,'php4');
INSERT INTO phpbb_forbidden_extensions (ext_id, extension) VALUES (4,'phtml');
INSERT INTO phpbb_forbidden_extensions (ext_id, extension) VALUES (5,'pl');
INSERT INTO phpbb_forbidden_extensions (ext_id, extension) VALUES (6,'asp');
INSERT INTO phpbb_forbidden_extensions (ext_id, extension) VALUES (7,'cgi');
INSERT INTO phpbb_forbidden_extensions (ext_id, extension) VALUES (8,'php5');
INSERT INTO phpbb_forbidden_extensions (ext_id, extension) VALUES (9,'php6');

INSERT INTO phpbb_log_config (config_name, config_value) VALUES ('log_admin', 1);
INSERT INTO phpbb_log_config (config_name, config_value) VALUES ('log_admin_ban', 1);
INSERT INTO phpbb_log_config (config_name, config_value) VALUES ('log_admin_config', 1);
INSERT INTO phpbb_log_config (config_name, config_value) VALUES ('log_admin_email', 1);
INSERT INTO phpbb_log_config (config_name, config_value) VALUES ('log_admin_forum_creation', 1);
INSERT INTO phpbb_log_config (config_name, config_value) VALUES ('log_admin_forum_deletion', 1);
INSERT INTO phpbb_log_config (config_name, config_value) VALUES ('log_admin_forum_edit', 1);
INSERT INTO phpbb_log_config (config_name, config_value) VALUES ('log_admin_prune', 1);
INSERT INTO phpbb_log_config (config_name, config_value) VALUES ('log_admin_user_manage', 1);
INSERT INTO phpbb_log_config (config_name, config_value) VALUES ('log_admins_config', '0');
INSERT INTO phpbb_log_config (config_name, config_value) VALUES ('log_admins_del', '0');
INSERT INTO phpbb_log_config (config_name, config_value) VALUES ('log_admins_view', '0');
INSERT INTO phpbb_log_config (config_name, config_value) VALUES ('log_error', 1);
INSERT INTO phpbb_log_config (config_name, config_value) VALUES ('log_error_critical', 1);
INSERT INTO phpbb_log_config (config_name, config_value) VALUES ('log_error_general', 1);
INSERT INTO phpbb_log_config (config_name, config_value) VALUES ('log_error_prune', 1);
INSERT INTO phpbb_log_config (config_name, config_value) VALUES ('log_email_send', 1);
INSERT INTO phpbb_log_config (config_name, config_value) VALUES ('log_last_prune', '0');
INSERT INTO phpbb_log_config (config_name, config_value) VALUES ('log_mod', 1);
INSERT INTO phpbb_log_config (config_name, config_value) VALUES ('log_mod_delete', 1);
INSERT INTO phpbb_log_config (config_name, config_value) VALUES ('log_mod_edit', 1);
INSERT INTO phpbb_log_config (config_name, config_value) VALUES ('log_mod_lock', 1);
INSERT INTO phpbb_log_config (config_name, config_value) VALUES ('log_mod_move', 1);
INSERT INTO phpbb_log_config (config_name, config_value) VALUES ('log_mod_prune', 1);
INSERT INTO phpbb_log_config (config_name, config_value) VALUES ('log_mod_unlock', 1);
INSERT INTO phpbb_log_config (config_name, config_value) VALUES ('log_mod_version', '0.3.1');
INSERT INTO phpbb_log_config (config_name, config_value) VALUES ('log_msgdie_hide', 1);
INSERT INTO phpbb_log_config (config_name, config_value) VALUES ('log_prune_days', '30');
INSERT INTO phpbb_log_config (config_name, config_value) VALUES ('log_super_admins', '2');
INSERT INTO phpbb_log_config (config_name, config_value) VALUES ('log_user', 1);
INSERT INTO phpbb_log_config (config_name, config_value) VALUES ('log_user_delete', 1);
INSERT INTO phpbb_log_config (config_name, config_value) VALUES ('log_user_edit', 1);
INSERT INTO phpbb_log_config (config_name, config_value) VALUES ('log_user_fail_login', 1);
INSERT INTO phpbb_log_config (config_name, config_value) VALUES ('log_user_login', 1);
INSERT INTO phpbb_log_config (config_name, config_value) VALUES ('log_user_logout', 1);
INSERT INTO phpbb_log_config (config_name, config_value) VALUES ('log_user_newtopic', 1);
INSERT INTO phpbb_log_config (config_name, config_value) VALUES ('log_user_profile', 1);
INSERT INTO phpbb_log_config (config_name, config_value) VALUES ('log_user_prune', 1);
INSERT INTO phpbb_log_config (config_name, config_value) VALUES ('log_user_register', 1);
INSERT INTO phpbb_log_config (config_name, config_value) VALUES ('log_view_per_page', '50');

INSERT INTO phpbb_quota_limits (quota_limit_id, quota_desc, quota_limit) VALUES (1, 'Low', 262144);
INSERT INTO phpbb_quota_limits (quota_limit_id, quota_desc, quota_limit) VALUES (2, 'Medium', 2097152);
INSERT INTO phpbb_quota_limits (quota_limit_id, quota_desc, quota_limit) VALUES (3, 'High', 5242880);

INSERT INTO phpbb_rcs (rcs_id, rcs_name, rcs_color, rcs_single, rcs_display, rcs_order) VALUES (1, 'Administrator', 'CC0000', 0, 1, 10);
INSERT INTO phpbb_rcs (rcs_id, rcs_name, rcs_color, rcs_single, rcs_display, rcs_order) VALUES (2, 'Moderator', '006600', 0, 1, 20);

INSERT INTO phpbb_smilies (smilies_id, code, smile_url, emoticon, cat_id, smilies_order) VALUES (1, ':D', 'icon_biggrin.gif', 'Very Happy', 1, 1);
INSERT INTO phpbb_smilies (smilies_id, code, smile_url, emoticon, cat_id, smilies_order) VALUES (2, ':-D', 'icon_biggrin.gif', 'Very Happy', 1, 2);
INSERT INTO phpbb_smilies (smilies_id, code, smile_url, emoticon, cat_id, smilies_order) VALUES (3, ':grin:', 'icon_biggrin.gif', 'Very Happy', 1, 3);
INSERT INTO phpbb_smilies (smilies_id, code, smile_url, emoticon, cat_id, smilies_order) VALUES (4, ':)', 'icon_smile.gif', 'Smile', 1, 4);
INSERT INTO phpbb_smilies (smilies_id, code, smile_url, emoticon, cat_id, smilies_order) VALUES (5, ':-)', 'icon_smile.gif', 'Smile', 1, 5);
INSERT INTO phpbb_smilies (smilies_id, code, smile_url, emoticon, cat_id, smilies_order) VALUES (6, ':smile:', 'icon_smile.gif', 'Smile', 1, 6);
INSERT INTO phpbb_smilies (smilies_id, code, smile_url, emoticon, cat_id, smilies_order) VALUES (7, ':(', 'icon_sad.gif', 'Sad', 1, 7);
INSERT INTO phpbb_smilies (smilies_id, code, smile_url, emoticon, cat_id, smilies_order) VALUES (8, ':-(', 'icon_sad.gif', 'Sad', 1, 8);
INSERT INTO phpbb_smilies (smilies_id, code, smile_url, emoticon, cat_id, smilies_order) VALUES (9, ':sad:', 'icon_sad.gif', 'Sad', 1, 9);
INSERT INTO phpbb_smilies (smilies_id, code, smile_url, emoticon, cat_id, smilies_order) VALUES (10, ':o', 'icon_surprised.gif', 'Surprised', 1, 10);
INSERT INTO phpbb_smilies (smilies_id, code, smile_url, emoticon, cat_id, smilies_order) VALUES (11, ':-o', 'icon_surprised.gif', 'Surprised', 1, 11);
INSERT INTO phpbb_smilies (smilies_id, code, smile_url, emoticon, cat_id, smilies_order) VALUES (12, ':eek:', 'icon_surprised.gif', 'Surprised', 1, 12);
INSERT INTO phpbb_smilies (smilies_id, code, smile_url, emoticon, cat_id, smilies_order) VALUES (13, ':shock:', 'icon_eek.gif', 'Shocked', 1, 13);
INSERT INTO phpbb_smilies (smilies_id, code, smile_url, emoticon, cat_id, smilies_order) VALUES (14, ':?', 'icon_confused.gif', 'Confused', 1, 14);
INSERT INTO phpbb_smilies (smilies_id, code, smile_url, emoticon, cat_id, smilies_order) VALUES (15, ':-?', 'icon_confused.gif', 'Confused', 1, 15);
INSERT INTO phpbb_smilies (smilies_id, code, smile_url, emoticon, cat_id, smilies_order) VALUES (16, ':???:', 'icon_confused.gif', 'Confused', 1, 16);
INSERT INTO phpbb_smilies (smilies_id, code, smile_url, emoticon, cat_id, smilies_order) VALUES (17, '8)', 'icon_cool.gif', 'Cool', 1, 17);
INSERT INTO phpbb_smilies (smilies_id, code, smile_url, emoticon, cat_id, smilies_order) VALUES (18, '8-)', 'icon_cool.gif', 'Cool', 1, 18);
INSERT INTO phpbb_smilies (smilies_id, code, smile_url, emoticon, cat_id, smilies_order) VALUES (19, ':cool:', 'icon_cool.gif', 'Cool', 1, 19);
INSERT INTO phpbb_smilies (smilies_id, code, smile_url, emoticon, cat_id, smilies_order) VALUES (20, ':lol:', 'icon_lol.gif', 'Laughing', 1, 20);
INSERT INTO phpbb_smilies (smilies_id, code, smile_url, emoticon, cat_id, smilies_order) VALUES (21, ':x', 'icon_mad.gif', 'Mad', 1, 21);
INSERT INTO phpbb_smilies (smilies_id, code, smile_url, emoticon, cat_id, smilies_order) VALUES (22, ':-x', 'icon_mad.gif', 'Mad', 1, 22);
INSERT INTO phpbb_smilies (smilies_id, code, smile_url, emoticon, cat_id, smilies_order) VALUES (23, ':mad:', 'icon_mad.gif', 'Mad', 1, 23);
INSERT INTO phpbb_smilies (smilies_id, code, smile_url, emoticon, cat_id, smilies_order) VALUES (24, ':P', 'icon_razz.gif', 'Razz', 1, 24);
INSERT INTO phpbb_smilies (smilies_id, code, smile_url, emoticon, cat_id, smilies_order) VALUES (25, ':-P', 'icon_razz.gif', 'Razz', 1, 25);
INSERT INTO phpbb_smilies (smilies_id, code, smile_url, emoticon, cat_id, smilies_order) VALUES (26, ':razz:', 'icon_razz.gif', 'Razz', 1, 26);
INSERT INTO phpbb_smilies (smilies_id, code, smile_url, emoticon, cat_id, smilies_order) VALUES (27, ':oops:', 'icon_redface.gif', 'Embarassed', 1, 27);
INSERT INTO phpbb_smilies (smilies_id, code, smile_url, emoticon, cat_id, smilies_order) VALUES (28, ':cry:', 'icon_cry.gif', 'Crying or Very sad', 1, 28);
INSERT INTO phpbb_smilies (smilies_id, code, smile_url, emoticon, cat_id, smilies_order) VALUES (29, ':evil:', 'icon_evil.gif', 'Evil or Very Mad', 1, 29);
INSERT INTO phpbb_smilies (smilies_id, code, smile_url, emoticon, cat_id, smilies_order) VALUES (30, ':twisted:', 'icon_twisted.gif', 'Twisted Evil', 1, 30);
INSERT INTO phpbb_smilies (smilies_id, code, smile_url, emoticon, cat_id, smilies_order) VALUES (31, ':roll:', 'icon_rolleyes.gif', 'Rolling Eyes', 1, 31);
INSERT INTO phpbb_smilies (smilies_id, code, smile_url, emoticon, cat_id, smilies_order) VALUES (32, ':wink:', 'icon_wink.gif', 'Wink', 1, 32);
INSERT INTO phpbb_smilies (smilies_id, code, smile_url, emoticon, cat_id, smilies_order) VALUES (33, ';)', 'icon_wink.gif', 'Wink', 1, 33);
INSERT INTO phpbb_smilies (smilies_id, code, smile_url, emoticon, cat_id, smilies_order) VALUES (34, ';-)', 'icon_wink.gif', 'Wink', 1, 34);
INSERT INTO phpbb_smilies (smilies_id, code, smile_url, emoticon, cat_id, smilies_order) VALUES (35, ':!:', 'icon_exclaim.gif', 'Exclamation', 1, 35);
INSERT INTO phpbb_smilies (smilies_id, code, smile_url, emoticon, cat_id, smilies_order) VALUES (36, ':?:', 'icon_question.gif', 'Question', 1, 36);
INSERT INTO phpbb_smilies (smilies_id, code, smile_url, emoticon, cat_id, smilies_order) VALUES (37, ':idea:', 'icon_idea.gif', 'Idea', 1, 37);
INSERT INTO phpbb_smilies (smilies_id, code, smile_url, emoticon, cat_id, smilies_order) VALUES (38, ':arrow:', 'icon_arrow.gif', 'Arrow', 1, 38);
INSERT INTO phpbb_smilies (smilies_id, code, smile_url, emoticon, cat_id, smilies_order) VALUES (39, ':|', 'icon_neutral.gif', 'Neutral', 1, 39);
INSERT INTO phpbb_smilies (smilies_id, code, smile_url, emoticon, cat_id, smilies_order) VALUES (40, ':-|', 'icon_neutral.gif', 'Neutral', 1, 40);
INSERT INTO phpbb_smilies (smilies_id, code, smile_url, emoticon, cat_id, smilies_order) VALUES (41, ':neutral:', 'icon_neutral.gif', 'Neutral', 1, 41);
INSERT INTO phpbb_smilies (smilies_id, code, smile_url, emoticon, cat_id, smilies_order) VALUES (42, ':mrgreen:', 'icon_mrgreen.gif', 'Mr. Green', 1, 42);

INSERT INTO phpbb_smilies_cat (cat_id, cat_name, description, cat_order, cat_perms, cat_forum, cat_category, cat_icon_url, smilies_per_page, smilies_popup) VALUES (1, 'phpBB', 'The default phpBB Smiles', 1, 1, -2, -2, 'icon_smile.gif', 0, '410|300|8');

INSERT INTO phpbb_themes (themes_id, template_name, style_name, head_stylesheet, body_background, body_bgcolor, body_text, body_link, body_vlink, body_alink, body_hlink, tr_color1, tr_color2, tr_color3, tr_class1, tr_class2, tr_class3, th_color1, th_color2, th_color3, th_class1, th_class2, th_class3, td_color1, td_color2, td_color3, td_class1, td_class2, td_class3, fontface1, fontface2, fontface3, fontsize1, fontsize2, fontsize3, fontcolor1, fontcolor2, fontcolor3, span_class1, span_class2, span_class3, rcs_admincolor, rcs_modcolor, rcs_usercolor, rcs_botcolor, theme_logo) VALUES (1, 'subSilverPlus', 'subSilverPlus', 'subSilverPlus.css', '', 'E5E5E5', '000000', '006699', '5493B4', '', 'DD6900', 'EFEFEF', 'DEE3E7', 'D1D7DC', '', '', '', '98AAB1', '006699', 'FFFFFF', 'cellpic1.gif', 'cellpic3.gif', 'cellpic2.jpg', 'FAFAFA', 'FFFFFF', '', 'row1', 'row2', '', 'Verdana, Arial, Helvetica, sans-serif', 'Trebuchet MS', 'Courier, \'Courier New\', sans-serif', 10, 11, 12, '444444', '006600', 'FFA34F', '', '', '', 'CC0000', '006600', '006699', '000000', 'templates/subSilverPlus/images/header/logo_phpBB.gif');

#
#-----[ Add SQL Entries in phpbb_config ]---------------------------------------
#
INSERT INTO phpbb_config (config_name, config_value) VALUES ('administrator_max_inbox_privmsgs', '500');
INSERT INTO phpbb_config (config_name, config_value) VALUES ('administrator_max_savebox_privmsgs', '500');
INSERT INTO phpbb_config (config_name, config_value) VALUES ('administrator_max_sentbox_privmsgs', '500');
INSERT INTO phpbb_config (config_name, config_value) VALUES ('administrator_max_trashbox_privmsgs', '500');
INSERT INTO phpbb_config (config_name, config_value) VALUES ('annonce_globale_index', '1');
INSERT INTO phpbb_config (config_name, config_value) VALUES ('anons_qp_settings', '1-0-1-1-1-1');
INSERT INTO phpbb_config (config_name, config_value) VALUES ('bbc_advanced', '1');
INSERT INTO phpbb_config (config_name, config_value) VALUES ('bbc_box_on', '1');
INSERT INTO phpbb_config (config_name, config_value) VALUES ('bbc_per_row', '14');
INSERT INTO phpbb_config (config_name, config_value) VALUES ('bbc_style_path', 'default');
INSERT INTO phpbb_config (config_name, config_value) VALUES ('bbc_time_regen', '0');
INSERT INTO phpbb_config (config_name, config_value) VALUES ('bin_forum', '0');
INSERT INTO phpbb_config (config_name, config_value) VALUES ('birthday_settings', '0-1-5-100');
INSERT INTO phpbb_config (config_name, config_value) VALUES ('board_disable_caption', '');
INSERT INTO phpbb_config (config_name, config_value) VALUES ('board_disable_text', '');
INSERT INTO phpbb_config (config_name, config_value) VALUES ('bump_interval', '1');
INSERT INTO phpbb_config (config_name, config_value) VALUES ('bump_type', 'd');
INSERT INTO phpbb_config (config_name, config_value) VALUES ('cache_rcs', '1');
INSERT INTO phpbb_config (config_name, config_value) VALUES ('card_max', '4');
INSERT INTO phpbb_config (config_name, config_value) VALUES ('cell_access', '-1');
INSERT INTO phpbb_config (config_name, config_value) VALUES ('cell_allow_display_bars', '1');
INSERT INTO phpbb_config (config_name, config_value) VALUES ('cell_allow_display_celleds', '1');
INSERT INTO phpbb_config (config_name, config_value) VALUES ('cell_allow_user_blank', '1');
INSERT INTO phpbb_config (config_name, config_value) VALUES ('cell_allow_user_caution', '1');
INSERT INTO phpbb_config (config_name, config_value) VALUES ('cell_allow_user_judge', '1');
INSERT INTO phpbb_config (config_name, config_value) VALUES ('cell_amount_user_blank', '5000');
INSERT INTO phpbb_config (config_name, config_value) VALUES ('cell_user_judge_posts', '2');
INSERT INTO phpbb_config (config_name, config_value) VALUES ('cell_user_judge_voters', '10');
INSERT INTO phpbb_config (config_name, config_value) VALUES ('disallow_edition_deleting_admin_messages', '1');
INSERT INTO phpbb_config (config_name, config_value) VALUES ('faq_access', '-1');
INSERT INTO phpbb_config (config_name, config_value) VALUES ('favicon_icon', 'images/favicon.ico');
INSERT INTO phpbb_config (config_name, config_value) VALUES ('forum_icon_path', 'images/forum_icons');
INSERT INTO phpbb_config (config_name, config_value) VALUES ('gender_required', '0');
INSERT INTO phpbb_config (config_name, config_value) VALUES ('groups_access', '-1');
INSERT INTO phpbb_config (config_name, config_value) VALUES ('guests_need_name', '1');
INSERT INTO phpbb_config (config_name, config_value) VALUES ('gzip_level', '9');
INSERT INTO phpbb_config (config_name, config_value) VALUES ('icon_per_row', '8');
INSERT INTO phpbb_config (config_name, config_value) VALUES ('images_max_size', '400');
INSERT INTO phpbb_config (config_name, config_value) VALUES ('instant_msg_delay', '1');
INSERT INTO phpbb_config (config_name, config_value) VALUES ('instant_msg_enable', '1');
INSERT INTO phpbb_config (config_name, config_value) VALUES ('instant_msg_refresh_time', '30');
INSERT INTO phpbb_config (config_name, config_value) VALUES ('join_interval', '18');
INSERT INTO phpbb_config (config_name, config_value) VALUES ('last_topic_title_length', '25');
INSERT INTO phpbb_config (config_name, config_value) VALUES ('max_smilies', '10');
INSERT INTO phpbb_config (config_name, config_value) VALUES ('max_subforums', '3');
INSERT INTO phpbb_config (config_name, config_value) VALUES ('max_trashbox_privmsgs', '50');
INSERT INTO phpbb_config (config_name, config_value) VALUES ('memberlist_access', '-1');
INSERT INTO phpbb_config (config_name, config_value) VALUES ('meta_author', 'Forum Meta Tags v1.0.2');
INSERT INTO phpbb_config (config_name, config_value) VALUES ('meta_description', 'The description of your site.');
INSERT INTO phpbb_config (config_name, config_value) VALUES ('meta_keywords', 'keywords, seperated, by, commas');
INSERT INTO phpbb_config (config_name, config_value) VALUES ('meta_language', 'en');
INSERT INTO phpbb_config (config_name, config_value) VALUES ('meta_rating', 'General');
INSERT INTO phpbb_config (config_name, config_value) VALUES ('meta_robots', 'index, follow');
INSERT INTO phpbb_config (config_name, config_value) VALUES ('meta_visit_after', '7 days');
INSERT INTO phpbb_config (config_name, config_value) VALUES ('moderator_max_inbox_privmsgs', '250');
INSERT INTO phpbb_config (config_name, config_value) VALUES ('moderator_max_savebox_privmsgs', '250');
INSERT INTO phpbb_config (config_name, config_value) VALUES ('moderator_max_sentbox_privmsgs', '250');
INSERT INTO phpbb_config (config_name, config_value) VALUES ('moderator_max_trashbox_privmsgs', '250');
INSERT INTO phpbb_config (config_name, config_value) VALUES ('mod_search_engine', '0');
INSERT INTO phpbb_config (config_name, config_value) VALUES ('no_guest_on_index', '1');
INSERT INTO phpbb_config (config_name, config_value) VALUES ('online_time', '60');
INSERT INTO phpbb_config (config_name, config_value) VALUES ('override_aim', '0');
INSERT INTO phpbb_config (config_name, config_value) VALUES ('override_always_add_signature', '0');
INSERT INTO phpbb_config (config_name, config_value) VALUES ('override_bbcode', '0');
INSERT INTO phpbb_config (config_name, config_value) VALUES ('override_birthday', '0');
INSERT INTO phpbb_config (config_name, config_value) VALUES ('override_board_style', '0');
INSERT INTO phpbb_config (config_name, config_value) VALUES ('override_date_format', '0');
INSERT INTO phpbb_config (config_name, config_value) VALUES ('override_gender', '0');
INSERT INTO phpbb_config (config_name, config_value) VALUES ('override_hide_online', '1');
INSERT INTO phpbb_config (config_name, config_value) VALUES ('override_html', '0');
INSERT INTO phpbb_config (config_name, config_value) VALUES ('override_icq', '0');
INSERT INTO phpbb_config (config_name, config_value) VALUES ('override_interests', '0');
INSERT INTO phpbb_config (config_name, config_value) VALUES ('override_language', '0');
INSERT INTO phpbb_config (config_name, config_value) VALUES ('override_location', '0');
INSERT INTO phpbb_config (config_name, config_value) VALUES ('override_msn', '0');
INSERT INTO phpbb_config (config_name, config_value) VALUES ('override_notify_on_donation', '0');
INSERT INTO phpbb_config (config_name, config_value) VALUES ('override_notify_on_reply', '0');
INSERT INTO phpbb_config (config_name, config_value) VALUES ('override_notify_pm', '0');
INSERT INTO phpbb_config (config_name, config_value) VALUES ('override_occupation', '0');
INSERT INTO phpbb_config (config_name, config_value) VALUES ('override_popup_pm', '0');
INSERT INTO phpbb_config (config_name, config_value) VALUES ('override_posts_per_page', '0');
INSERT INTO phpbb_config (config_name, config_value) VALUES ('override_public_view_mail', '0');
INSERT INTO phpbb_config (config_name, config_value) VALUES ('override_quick_post', '0');
INSERT INTO phpbb_config (config_name, config_value) VALUES ('override_signature', '0');
INSERT INTO phpbb_config (config_name, config_value) VALUES ('override_skype', '0');
INSERT INTO phpbb_config (config_name, config_value) VALUES ('override_smilies', '0');
INSERT INTO phpbb_config (config_name, config_value) VALUES ('override_time_mode', '0');
INSERT INTO phpbb_config (config_name, config_value) VALUES ('override_topics_per_page', '0');
INSERT INTO phpbb_config (config_name, config_value) VALUES ('override_website', '0');
INSERT INTO phpbb_config (config_name, config_value) VALUES ('override_yahoo', '0');
INSERT INTO phpbb_config (config_name, config_value) VALUES ('oxygen_version', '1.1.0');
INSERT INTO phpbb_config (config_name, config_value) VALUES ('pm_allow_threshold', '0');
INSERT INTO phpbb_config (config_name, config_value) VALUES ('points_browse', '1');
INSERT INTO phpbb_config (config_name, config_value) VALUES ('points_donate', '1');
INSERT INTO phpbb_config (config_name, config_value) VALUES ('points_name', 'Points');
INSERT INTO phpbb_config (config_name, config_value) VALUES ('points_page', '1');
INSERT INTO phpbb_config (config_name, config_value) VALUES ('points_post', '1');
INSERT INTO phpbb_config (config_name, config_value) VALUES ('points_reply', '1');
INSERT INTO phpbb_config (config_name, config_value) VALUES ('points_topic', '2');
INSERT INTO phpbb_config (config_name, config_value) VALUES ('points_user_group_auth_ids', '');
INSERT INTO phpbb_config (config_name, config_value) VALUES ('present_forum', '0');
INSERT INTO phpbb_config (config_name, config_value) VALUES ('present_required', '0');
INSERT INTO phpbb_config (config_name, config_value) VALUES ('profile_access', '-1');
INSERT INTO phpbb_config (config_name, config_value) VALUES ('rcs_enable', '1');
INSERT INTO phpbb_config (config_name, config_value) VALUES ('rcs_level_admin', '1');
INSERT INTO phpbb_config (config_name, config_value) VALUES ('rcs_level_mod', '1');
INSERT INTO phpbb_config (config_name, config_value) VALUES ('rcs_ranks_stats', '1');
INSERT INTO phpbb_config (config_name, config_value) VALUES ('registration_closed', '');
INSERT INTO phpbb_config (config_name, config_value) VALUES ('registration_status', '0');
INSERT INTO phpbb_config (config_name, config_value) VALUES ('removed_users', '0');
INSERT INTO phpbb_config (config_name, config_value) VALUES ('reply_flood_ctrl', '0');
INSERT INTO phpbb_config (config_name, config_value) VALUES ('required_aim', '0');
INSERT INTO phpbb_config (config_name, config_value) VALUES ('required_icq', '0');
INSERT INTO phpbb_config (config_name, config_value) VALUES ('required_interests', '0');
INSERT INTO phpbb_config (config_name, config_value) VALUES ('required_location', '0');
INSERT INTO phpbb_config (config_name, config_value) VALUES ('required_msnm', '0');
INSERT INTO phpbb_config (config_name, config_value) VALUES ('required_occupation', '0');
INSERT INTO phpbb_config (config_name, config_value) VALUES ('required_posts_per_page', '0');
INSERT INTO phpbb_config (config_name, config_value) VALUES ('required_signature', '0');
INSERT INTO phpbb_config (config_name, config_value) VALUES ('required_skype', '0');
INSERT INTO phpbb_config (config_name, config_value) VALUES ('required_topics_per_page', '0');
INSERT INTO phpbb_config (config_name, config_value) VALUES ('required_website', '0');
INSERT INTO phpbb_config (config_name, config_value) VALUES ('required_yim', '0');
INSERT INTO phpbb_config (config_name, config_value) VALUES ('search_access', '-1');
INSERT INTO phpbb_config (config_name, config_value) VALUES ('shoutbox_access', '-1');
INSERT INTO phpbb_config (config_name, config_value) VALUES ('shoutbox_allow_bbcode', '1');
INSERT INTO phpbb_config (config_name, config_value) VALUES ('shoutbox_allow_delete', '0');
INSERT INTO phpbb_config (config_name, config_value) VALUES ('shoutbox_allow_delete_all', '0');
INSERT INTO phpbb_config (config_name, config_value) VALUES ('shoutbox_allow_edit', '0');
INSERT INTO phpbb_config (config_name, config_value) VALUES ('shoutbox_allow_edit_all', '0');
INSERT INTO phpbb_config (config_name, config_value) VALUES ('shoutbox_allow_guest', '0');
INSERT INTO phpbb_config (config_name, config_value) VALUES ('shoutbox_allow_guest_view', '1');
INSERT INTO phpbb_config (config_name, config_value) VALUES ('shoutbox_allow_smilies', '1');
INSERT INTO phpbb_config (config_name, config_value) VALUES ('shoutbox_banned_user_id', '');
INSERT INTO phpbb_config (config_name, config_value) VALUES ('shoutbox_banned_user_id_view', '');
INSERT INTO phpbb_config (config_name, config_value) VALUES ('shoutbox_date_format', '|d M Y| H:i');
INSERT INTO phpbb_config (config_name, config_value) VALUES ('shoutbox_date_on', '1');
INSERT INTO phpbb_config (config_name, config_value) VALUES ('shoutbox_delete_days', '30');
INSERT INTO phpbb_config (config_name, config_value) VALUES ('shoutbox_height', '170');
INSERT INTO phpbb_config (config_name, config_value) VALUES ('shoutbox_links_names', '1');
INSERT INTO phpbb_config (config_name, config_value) VALUES ('shoutbox_make_links', '1');
INSERT INTO phpbb_config (config_name, config_value) VALUES ('shoutbox_messages_number_on_index', '20');
INSERT INTO phpbb_config (config_name, config_value) VALUES ('shoutbox_on', '1');
INSERT INTO phpbb_config (config_name, config_value) VALUES ('shoutbox_refresh_time', '120');
INSERT INTO phpbb_config (config_name, config_value) VALUES ('shoutbox_text_lenght', '500');
INSERT INTO phpbb_config (config_name, config_value) VALUES ('shoutbox_width', '100%');
INSERT INTO phpbb_config (config_name, config_value) VALUES ('shoutbox_word_lenght', '90');
INSERT INTO phpbb_config (config_name, config_value) VALUES ('smilie_buttons', '1');
INSERT INTO phpbb_config (config_name, config_value) VALUES ('smilie_columns', '4');
INSERT INTO phpbb_config (config_name, config_value) VALUES ('smilie_icon_path', 'images/smiles');
INSERT INTO phpbb_config (config_name, config_value) VALUES ('smilie_popup', '0');
INSERT INTO phpbb_config (config_name, config_value) VALUES ('smilie_posting', '0');
INSERT INTO phpbb_config (config_name, config_value) VALUES ('smilie_rows', '5');
INSERT INTO phpbb_config (config_name, config_value) VALUES ('split_announce', '1');
INSERT INTO phpbb_config (config_name, config_value) VALUES ('split_global_announce', '1');
INSERT INTO phpbb_config (config_name, config_value) VALUES ('split_sticky', '1');
INSERT INTO phpbb_config (config_name, config_value) VALUES ('split_topic_split', '1');
INSERT INTO phpbb_config (config_name, config_value) VALUES ('sub_title_length', '100');
INSERT INTO phpbb_config (config_name, config_value) VALUES ('users_qp_settings', '1-0-1-1-1-1');
INSERT INTO phpbb_config (config_name, config_value) VALUES ('viewonline_access', '-1');
INSERT INTO phpbb_config (config_name, config_value) VALUES ('wpm_active', '1');
INSERT INTO phpbb_config (config_name, config_value) VALUES ('wpm_message', 'Bonjour [username] !\r\nBienvenue sur [sitename] !\r\nSi vous avez des questions sur ce site, n''hésitez pas à le demander !');
INSERT INTO phpbb_config (config_name, config_value) VALUES ('wpm_subject', 'Bienvenue sur [sitename] !');
INSERT INTO phpbb_config (config_name, config_value) VALUES ('wpm_userid', '-1');
INSERT INTO phpbb_config (config_name, config_value) VALUES ('wpm_username', 'Anonymous');

#
#-----[ Update SQL Entries ]----------------------------------------------------
#
UPDATE phpbb_config SET config_value = '|d M Y| H:i' WHERE config_name = 'default_dateformat';
UPDATE phpbb_config SET config_value = '1' WHERE config_name = 'allow_namechange';

ALTER TABLE phpbb_posts_text CHANGE post_text post_text MEDIUMTEXT DEFAULT NULL;

ALTER TABLE phpbb_privmsgs_text CHANGE privmsgs_text privmsgs_text MEDIUMTEXT DEFAULT NULL;

UPDATE phpbb_users SET user_admin_notes = 'Welcome to Sexy Administrator Index - RC3 (1.0.5)' WHERE user_id = '-1';
UPDATE phpbb_users SET user_qp_settings = '1-0-1-1-1-1' WHERE user_qp_settings = '0';

UPDATE phpbb_config SET config_value = '1' WHERE config_name = 'default_style';
UPDATE phpbb_users SET user_style = 1;

#
#-----[ Empty Sessions Entries ]------------------------------------------------
#
DELETE FROM phpbb_sessions_keys;
DELETE FROM phpbb_sessions;
